index,slice_ind,sub_slice_ind,slice,sub_slice,level,value,title,description
1.1.1,1,1.1,Organize Network,Team Formation,1,20,Core team coalesces around bird species/multispecies group,Interested parties who will provide leadership come together to create working group
1.1.2,1,1.1,Organize Network,Team Formation,2,20,Named working group established with defined leadership,Working group formed with at least initial leadership responsibilities assigned
1.1.3,1,1.1,Organize Network,Team Formation,3,20,Human dimensions & biological experts invited to partnership,"Invitations to multiple spheres of expertise: biologists, ecologists, social scientists, government, habitat managers; core sphere = active working group members, supporting sphere = ancillary members/occasional experts"
1.1.4,1,1.1,Organize Network,Team Formation,4,20,Attention to diversity and inclusivity in core and supporting teams,International leaders & groups invited (e.g. Global South co-leads for US/Canada teams); diverse and nontraditional partners invited (amplifies level 3) 
1.1.5,1,1.1,Organize Network,Team Formation,5,20,Group organizational plan and clear rules of engagement established,Rules of engagement reflect values on inclusiveness and a clear process for decision making
1.2.1,1,1.2,Organize Network,Connections,1,20,Basic internal communications plan established,"Email lists, listserv strategies, periodic newsletter?"
1.2.2,1,1.2,Organize Network,Connections,2,20,Meeting schedule identified and sustained,Group and subgroups meet virtually and/or in person—and continue to meet—on a regular schedule
1.2.3,1,1.2,Organize Network,Connections,3,20,External communication: established website and/or newsletter,Structure to maintain group visibility with other working groups and general public (if desired)
1.2.4,1,1.2,Organize Network,Connections,4,20,Multilingual capacity,"Mechanism in place for translating website, communications, meetings, etc. into English, Spanish, French, or Portuguese (as needed)"
1.2.5,1,1.2,Organize Network,Connections,5,20,Strategy for sustaining partnership involvement,Strategy in place for ensuring that partner contact and capacity building continue to occur (results of this planning actualized in criteria 1.3.4 and 1.3.5)
1.3.1,1,1.3,Organize Network,Network Action,1,20,Organizational and conservation workplan delineating necessary tasks,Core team cannot do all the work; workplan articulates necessary tasks and the organization necessary to get tasks done
1.3.2,1,1.3,Organize Network,Network Action,2,20,Responsibility for tasks assumed by subcommittees with leaders,Permanent or as-needed subcommittees operational with leadership/coordination responsibility clearly designated
1.3.3,1,1.3,Organize Network,Network Action,3,20,Subcommittees/local groups deliberately linked horizontally and vertically,"Flow of information and support between groups/committees is encouraged; all groups linked to larger effort, information transmitted to subgroups and subgroup accomplishments scaled up"
1.3.4,1,1.3,Organize Network,Network Action,4,20,Intentional capacity building,"Network implements its plans for sustaining conservation action—continued education, training opportunities, monitoring."
1.3.5,1,1.3,Organize Network,Network Action,5,20,Network relationships engender continued conservation action,"Network strength fosters relationships that lead to autonomous support and conservation action (similar to 6.3.5, but with organizational as opposed to implementation context)"
2.1.1,2,2.1,Assess Species Population,Vulnerability,1,20,"Global population size, short-term & long-term trends estimated",Some idea of population parameters from isolated surveys and/or expert opinion
2.1.2,2,2.1,Assess Species Population,Vulnerability,2,20,"Global population size, short-term & long-term trends known",Greater certainty with respect to population size and trends based on statistically significant survey assessments
2.1.3,2,2.1,Assess Species Population,Vulnerability,3,20,ACAD Watch List and Tipping Point assessment complete,"Incorporates breeding & nonbreeding threat level, distribution, and climate change, as well as population size and trend"
2.1.4,2,2.1,Assess Species Population,Vulnerability,4,20,"Vulnerability recognized at national, state/province, or partner scales","Compilation of national (including Middle/South America), state/province/department, and implementing partner (e.g. Joint Venture, ProAlas, IBA) listings completed"
2.1.5,2,2.1,Assess Species Population,Vulnerability,5,20,Local knowledge included in vulnerability assessment,Traditional ecological knowledge as well as unpublished Global South studies and knowledge incorporated in assessment
2.2.1,2,2.2,Assess Species Population,Population Structure,1,20,Subspecies identified,Known subspecies as described in the literature and museum specimens (may not be relevant for some species)
2.2.2,2,2.2,Assess Species Population,Population Structure,2,20,Genoscape analysis completed,Genoscape analysis (cf. https://www.birdgenoscape.org/) completed; may not be relevant for all species
2.2.3,2,2.2,Assess Species Population,Population Structure,3,20,Spatially explicit population density and trends available,"Spatially explicit source information in eBird, BBS, ACAD, MoSI, etc."
2.2.4,2,2.2,Assess Species Population,Population Structure,4,20,"""Natural"" populations defined by similar trend trajectories",Demographic attributes from long-term monitoring data used to delineate natural population structure (sensu Rushing et al. 2016)
2.2.5,2,2.2,Assess Species Population,Population Structure,5,20,Potential partners identified in key breeding geographies,Analysis of partnering opportunities in areas of high species density and/or negative population trajectories where conservation action is likely required
2.3.1,2,2.3,Assess Species Population,Migratory Connectivity,1,20,"Migratory status, breeding and nonbreeding geographies identified","Source information in eBird, BBS, MoSI, ACAD, Birds of the World"
2.3.2,2,2.3,Assess Species Population,Migratory Connectivity,2,20,Migratory connectivity and migration pathways identified,"Results of studies of individual birds using isotopes, banding data, geolocators, nanotags, GPS transmitters, etc."
2.3.3,2,2.3,Assess Species Population,Migratory Connectivity,3,20,Critical migratory stopover locations identified,"Concentration areas during migration along shorelines, molt migration locations, etc."
2.3.4,2,2.3,Assess Species Population,Migratory Connectivity,4,20,Linked breeding/nonbreeding areas for declining populations,Linkages established between distinctly declining breeding populations and nonbreeding areas for the same populations
2.3.5,2,2.3,Assess Species Population,Migratory Connectivity,5,20,Potential partners contacted in key nonbreeding geographies,"Linkages established with biologists, ecologists, ornithologists, sociologists, conservationists, etc. in linked geographies of interest"
3.1.1,3,3.1,Identify Focal Areas,Demographics,1,20,"Spatially explicit breeding season success, breeding productivity known","In addition to trends, actual spatially explicit breeding vital rates have been identified (e.g., nest success, production, fledgling survival)"
3.1.2,3,3.1,Identify Focal Areas,Demographics,2,20,Nonbreeding and annual cycle vital rates known,"Adult survival during breeding and nonbreeding seasons, first year survival, dispersal, recurrent migratory mortality"
3.1.3,3,3.1,Identify Focal Areas,Demographics,3,20,Ecological and life history correlates of vital rates identified,Age- and sex-specific demographic and life history differences have been identified and quantitatively estimated
3.1.4,3,3.1,Identify Focal Areas,Demographics,4,20,Integrated population model (IPM) completed,"Full IPM model, or a determination that inference is sufficient to proceed with conservation action with incomplete knowledge"
3.1.5,3,3.1,Identify Focal Areas,Demographics,5,20,Socioeconomic correlates of demographic parameters identified,"E.g., are spatially explicit vital rates correlated with land ownership, conservation policies, or management practices?"
3.2.1,3,3.2,Identify Focal Areas,Focus Areas,1,20,Demographically linked populations identified,Demographic analyses corroborate and refine linked migratory populations suggested by 2.3.4 assessment
3.2.2,3,3.2,Identify Focal Areas,Focus Areas,2,20,IPM and linked population geography used to identify focus areas,When in the annual cycle and where in the species range would conservation action most likely change population trajectory?
3.2.3,3,3.2,Identify Focal Areas,Focus Areas,3,20,Partnering opportunities identified in focus areas,"In biologically assessed focal areas, partnership landscape assessed (e.g., private or public lands; economic status of local communities) "
3.2.4,3,3.2,Identify Focal Areas,Focus Areas,4,20,Key partner opportunities refined and contacts established,Network analysis suggests partnerships (not just bird-oriented) that might be most promising for leveraging conservation action
3.2.5,3,3.2,Identify Focal Areas,Focus Areas,5,20,Biological focus areas refined by including human landscape assessment,Biological and social dimensions combined to further refine areas in which to focus species conservation actions
3.3.1,3,3.3,Identify Focal Areas,Local Knowledge,1,20,Review of published knowledge relevant for identified focus areas,"In addition to target species studies, what can we learn about focus areas that would be important (e.g. climate change, human well-being issues)?"
3.3.2,3,3.3,Identify Focal Areas,Local Knowledge,2,20,"Review of relevant local knowledge, published or unpublished","Thorough attempt to include studies published in Global South, unpublished reports, insights from scientists working in focus areas"
3.3.3,3,3.3,Identify Focal Areas,Local Knowledge,3,20,Local community contacts identified in focus areas,"Leaders of 3.2.4 partnerships identified (e.g., tribal biologists, community action leaders, strong links from amplified social network analysis)"
3.3.4,3,3.3,Identify Focal Areas,Local Knowledge,4,20,Local and Traditional Ecological Knowledge assessed,Conversations with above community leaders results in inclusion of local insights and indigenous Traditional Ecological Knowledge
3.3.5,3,3.3,Identify Focal Areas,Local Knowledge,5,20,Focus area profile completed,"Synthesis of social, biological, geopolitical, and traditional ecological knowledge for focus areas"
4.1.1,4,4.1,Identify Challenges,Habitat and Ecology,1,20,Breeding habitat and ecology known,"Detailed breeding and foraging habitat relationships, including  breeding system, brood sequence, nest sites, foraging niche, diet, etc., needed to identify specific threats"
4.1.2,4,4.1,Identify Challenges,Habitat and Ecology,2,20,Nonbreeding habitat and ecology known,"Nonbreeding habitat relationships, including dispersal, migration, interspecies relationships, foraging niche, molt requirements, etc., needed to identify specific threats"
4.1.3,4,4.1,Identify Challenges,Habitat and Ecology,3,20,"Spatially explicit habitat mapping, breeding and nonbreeding","GIS mapping of available and restorable habitat, breeding and nonbreeding, especially within focus areas"
4.1.4,4,4.1,Identify Challenges,Habitat and Ecology,4,20,Human activities affecting breeding habitat quality identified,What are the most important anthropogenic factors affecting breeding habitat quality at habitat (not regional) scale?
4.1.5,4,4.1,Identify Challenges,Habitat and Ecology,5,20,Human activities affecting nonbreeding habitat quality identified,What are the most important anthropogenic factors affecting nonbreeding habitat quality at habitat (not regional) scale?
4.2.1,4,4.2,Identify Challenges,Landscape Challenges,1,20,Broad regional breeding season threats identified,"Broad (e.g., agriculture, urbanization) regionally specific threats identified (using, e.g., Conservation Standards, Audubon threats map)"
4.2.2,4,4.2,Identify Challenges,Landscape Challenges,2,20,Broad regional nonbreeding season threats identified,"Broad (e.g., conversion to pasture) regionally specific threats identified for nonbreeding season, including local knowledge"
4.2.3,4,4.2,Identify Challenges,Landscape Challenges,3,20,Socioeconomic drivers of threats identified,"Preliminary analysis of anthropogenic drivers of threats, including assessment of societal value and social perceptions of threats"
4.2.4,4,4.2,Identify Challenges,Landscape Challenges,4,20,"Systematic threats analysis, refinement, and prioritization","Threats prioritization (e.g., Conservation Standards) also includes feasibility based on human dimensions assessment"
4.2.5,4,4.2,Identify Challenges,Landscape Challenges,5,20,Existing campaigns for addressing priority threats identified,"Analysis of partnering opportunities (allies) for addressing threats, especially in areas of high species density and/or negative population trajectories "
4.3.1,4,4.3,Identify Challenges,Limiting Factors,1,20,Threat analysis applied to focus areas,"Analysis of links between IPM model (where/when), focus area determination (3.3.5), and identified threats "
4.3.2,4,4.3,Identify Challenges,Limiting Factors,2,20,Intersection between species ecology and threats explored,"Intersection of broad threat and species ecology allows refinement of threat to level of a limiting factor hypothesis (e.g., wood encroachment removal from nonbreeding season grasslands)"
4.3.3,4,4.3,Identify Challenges,Limiting Factors,3,20,Socioeconomic analysis of hypothetical limiting factor,"Identification of anthropogenic drivers underlying limiting factor (e.g., what are the social aspects leading to woody encroachment in nonbreeding season grasslands?)"
4.3.4,4,4.3,Identify Challenges,Limiting Factors,4,20,Local or Traditional Ecological Knowledge included,Full incorporation of additional local knowledge in identifying specific limiting factor to be addressed
4.3.5,4,4.3,Identify Challenges,Limiting Factors,5,20,Species-specific limiting factor(s) identified,"Limiting factor identified and refined at scale sufficient to design adaptive research or initiate targeted conservation action (e.g., wood encroachment removal from nonbreeding season grasslands)"
5.1.1,5,5.1,Strategize Recovery,Landscape Opportunities,1,20,Prioritize alignment with broad-scale threat reduction campaigns,"From allied partner opportunity analysis (4.2.5), prioritize existing broadscale efforts most compatible with meeting species-specific needs (breeding and/or nonbreeding)"
5.1.2,5,5.1,Strategize Recovery,Landscape Opportunities,2,20,Identify compatible allied partnership goals and objectives,"Listen carefully, understand aligned partner goals and objectives to determine entry points for mutual-benefit strategic planning"
5.1.3,5,5.1,Strategize Recovery,Landscape Opportunities,3,20,Identify beneficial practices for working with outside partners,Draw from social science expertise on strategies for alignment with partners with different goals and objectives than bird species recovery
5.1.4,5,5.1,Strategize Recovery,Landscape Opportunities,4,20,Develop strategies for aligning bird objectives with allies,"Identify programs (entry points) most closely aligned with species objectives (e.g., CRP in Food Bill, rotational grazing, dynamic landscape forest harvest planning, etc.)"
5.1.5,5,5.1,Strategize Recovery,Landscape Opportunities,5,20,Subcommittee(s) established to influence/work with partner opportunities,"Create dedicated and intentional structure within working group to continue to develop relationships with allies (e.g., collective representative to lobby policy, presence on forestry councils, etc.)"
5.2.1,5,5.2,Strategize Recovery,Limiting Factor Mitigation,1,20,Establish species population goals and objectives,"How is ""recovery"" defined? Population goals as either numbers or trends, ideally identified both rangewide and parsed by focus areas"
5.2.2,5,5.2,Strategize Recovery,Limiting Factor Mitigation,2,20,Develop influence diagram/results chain to address limiting factor,"Diagram of chain of events (e.g., Open Standards)—including threats, barriers, actions, and issues—leading to mitigation or elimination of limiting factor(s)"
5.2.3,5,5.2,Strategize Recovery,Limiting Factor Mitigation,3,20,Incorporate human well-being objectives into results chain,Results chain (cf. Open Standards) includes human well-being or affected community benefits that accrue from conservation actions
5.2.4,5,5.2,Strategize Recovery,Limiting Factor Mitigation,4,20,"Determine sequential stages, progress metrics, research & monitoring plan","Results chain clearly identifies sequential actions or research, inflection points for adaptive decisions, intermediate and final evaluation metrics"
5.2.5,5,5.2,Strategize Recovery,Limiting Factor Mitigation,5,20,Estimate costs required to reach limiting factor mitigation,Estimates of the costs of each stage of research/mitigation plan
5.3.1,5,5.3,Strategize Recovery,Partnerships and Funding,1,20,Full annual cycle conservation plan completed,Plan includes review of biology and human dimensions profile; threats analysis; limiting factor analysis; research plan; strategies to reduce threats and mitigate limiting factors
5.3.2,5,5.3,Strategize Recovery,Partnerships and Funding,2,20,Full annual cycle conservation investment plan completed,"As above, but adds cost of investments of recovery phases; plan for scaling up conservation actions; monitoring and evaluation strategy "
5.3.3,5,5.3,Strategize Recovery,Partnerships and Funding,3,20,Funding source and partnership analysis completed,"What agencies, policies, or programs are potential sources of funding for different components of research/recovery conservation plan?"
5.3.4,5,5.3,Strategize Recovery,Partnerships and Funding,4,20,Strategy to contact and court funding sources,Communication and outreach strategy to secure funding for plan components
5.3.5,5,5.3,Strategize Recovery,Partnerships and Funding,5,20,Funding secured to proceed with conservation plan implementation,Plan includes strategy for moving forward under scenarios of partial funding; ideally guided by results chain breakdown in 5.2.4 & 5.2.5
6.1.1,6,6.1,Implement Action,Adaptive Research,1,20,Focus area habitat restoration research initiated,Habitat management need not be delayed until full plan completion if research is needed to test limiting factor hypotheses
6.1.2,6,6.1,Implement Action,Adaptive Research,2,20,Habitat restoration effectiveness confirmed,"Monitoring confirms effectiveness of habitat restoration (or other local action, e.g. hunting management) as a means of mitigating limiting factor"
6.1.3,6,6.1,Implement Action,Adaptive Research,3,20,Research/restoration conducted with affected community involvement,"Full participation of affected community as partners in research and habitat manipulations (or other local actions, e.g. hunting management)"
6.1.4,6,6.1,Implement Action,Adaptive Research,4,20,Scale of restoration/management strategy expanded,Initial success of mitigation strategy suggests expanding strategy to other localities within or outside focus area; cycle 6.1.1 to 6.1.4 repeats
6.1.5,6,6.1,Implement Action,Adaptive Research,5,20,Monitoring of both social and bird population outcomes,Monitoring continues to confirm success of limiting factor mitigation OR requires adaptive changes that may necessitate revisiting other segments of the wheel
6.2.1,6,6.2,Implement Action,Ecosystem Change,1,20,Partnership strategies for broad-scale change initiated,"Broad-scale threat reduction strategies initiated through partnerships with allied campaigns (e.g., grassland protection/restoration, CRP, feral cat control)"
6.2.2,6,6.2,Implement Action,Ecosystem Change,2,20,Monitoring of species population response to broad threat mitigation,Are target bird species populations responding positively to broad-scale threat mitigation?
6.2.3,6,6.2,Implement Action,Ecosystem Change,3,20,Species requirements integrated successfully into ecosystem conservation,"Based on species population response, do inclusion of species-specific requirements need to be re-negotiated?"
6.2.4,6,6.2,Implement Action,Ecosystem Change,4,20,Monitoring/assessment of species group/allied campaign relationship,Social science analysis to evaluate relationship between bird species working group and allies; recommendations for adaptive changes
6.2.5,6,6.2,Implement Action,Ecosystem Change,5,20,Effective communication of success of ecosystem partnership,"Continued reinforcement of positive effects of bird species/threats reduction campaign alliance (e.g., flood control, drinking water, human health improvements, etc.)"
6.3.1,6,6.3,Implement Action,Sustainability,1,20,Focus area recovery scaled up to rangewide population recovery,Initial success mitigating limiting factors within focus areas scaled up to achieve rangewide population recovery; may require recycling iteratively through wheel criteria
6.3.2,6,6.3,Implement Action,Sustainability,2,20,Rangewide adaptive monitoring plan in place,Long-term monitoring plan designed to detect species vulnerabilities (new limiting factors) and trigger adaptive recovery response 
6.3.3,6,6.3,Implement Action,Sustainability,3,20,"Final reporting, documentation, and outreach","Documentation of process, barriers and solutions, and successes completed to provide guidance to other species/ecosystem recovery efforts"
6.3.4,6,6.3,Implement Action,Sustainability,4,20,Network and capacity building,"Attention given throughout recovery process to building local community capacity (biology and sociology training), education for next generation of conservationists"
6.3.5,6,6.3,Implement Action,Sustainability,5,20,Established relationships transcend goals/issues,"Established individual and community relationships and problem-solving orientation transcend recovery process, can be leveraged for future conservation action"
